-- phpMyAdmin SQL Dump
-- version 5.2.1
-- https://www.phpmyadmin.net/
--
-- Servidor: 127.0.0.1
-- Tiempo de generación: 18-02-2026 a las 16:23:14
-- Versión del servidor: 10.4.32-MariaDB
-- Versión de PHP: 8.2.12

SET SQL_MODE = "NO_AUTO_VALUE_ON_ZERO";
START TRANSACTION;
SET time_zone = "+00:00";


/*!40101 SET @OLD_CHARACTER_SET_CLIENT=@@CHARACTER_SET_CLIENT */;
/*!40101 SET @OLD_CHARACTER_SET_RESULTS=@@CHARACTER_SET_RESULTS */;
/*!40101 SET @OLD_COLLATION_CONNECTION=@@COLLATION_CONNECTION */;
/*!40101 SET NAMES utf8mb4 */;

--
-- Base de datos: `hotel`
--

-- --------------------------------------------------------

--
-- Estructura de tabla para la tabla `atencion`
--

CREATE TABLE `atencion` (
  `id_atencion` int(11) NOT NULL,
  `id_reserva` int(11) NOT NULL,
  `id_empleado` int(11) NOT NULL,
  `fecha` date NOT NULL,
  `nota` varchar(30) NOT NULL
) ENGINE=InnoDB DEFAULT CHARSET=utf8mb4 COLLATE=utf8mb4_general_ci;

-- --------------------------------------------------------

--
-- Estructura de tabla para la tabla `cliente`
--

CREATE TABLE `cliente` (
  `id_cliente` int(11) NOT NULL,
  `nombre` varchar(70) NOT NULL,
  `email` varchar(70) NOT NULL,
  `telefono` varchar(15) NOT NULL,
  `fecha_registro` date NOT NULL
) ENGINE=InnoDB DEFAULT CHARSET=utf8mb4 COLLATE=utf8mb4_general_ci;

--
-- Volcado de datos para la tabla `cliente`
--

INSERT INTO `cliente` (`id_cliente`, `nombre`, `email`, `telefono`, `fecha_registro`) VALUES
(1, 'Emma Sofía Montoya Torres', 'emitauwunya@gmail.com', '6672242941', '2026-01-08'),
(2, 'Juan Pablo Ahumada Nuñez', 'juanpablito@hotmail.com', '6698345678', '2026-02-18'),
(3, 'Emilia Estrella López Chávez', 'estrellita45@gmail.com', '6689355643', '2025-10-07'),
(4, 'Santiago Cazares Inzunza', 'elsanti777@gmail.com', '6672675986', '2026-01-27'),
(5, 'Carolina Berrelleza Hernández', 'carolina.berre03@gmail.com', '7448680932', '2026-02-03');

-- --------------------------------------------------------

--
-- Estructura de tabla para la tabla `empleado`
--

CREATE TABLE `empleado` (
  `id_empleado` int(11) NOT NULL,
  `id_hotel` int(11) NOT NULL,
  `nombre` varchar(70) NOT NULL,
  `puesto` varchar(30) NOT NULL,
  `e-mail` varchar(100) NOT NULL
) ENGINE=InnoDB DEFAULT CHARSET=utf8mb4 COLLATE=utf8mb4_general_ci;

--
-- Volcado de datos para la tabla `empleado`
--

INSERT INTO `empleado` (`id_empleado`, `id_hotel`, `nombre`, `puesto`, `e-mail`) VALUES
(1, 2, 'Juan Pérez López', 'Gerente', 'juan.perezuwu@gmail.com'),
(2, 3, 'Rubén Tostado Serrano', 'Bartender', 'ruben.tuesta@gmail.com'),
(3, 1, 'María de la Cruz Savala Armenta', 'Encargada de limpieza', 'campanita67@hotmail.com'),
(4, 1, 'Jihad Rebollo García', 'Recepcionista', 'jasonparlando666@gmail.com'),
(7, 3, 'Lizbeth Guadalupe Gallegos Cabanillas', ' Cocinera', 'guadalupananyaaa@gmail.com');

-- --------------------------------------------------------

--
-- Estructura de tabla para la tabla `habitacion`
--

CREATE TABLE `habitacion` (
  `id_habitacion` int(11) NOT NULL,
  `id_hotel` int(11) NOT NULL,
  `numero` varchar(15) NOT NULL,
  `tipo` varchar(30) NOT NULL,
  `precio_noche` double NOT NULL,
  `estado` varchar(20) NOT NULL
) ENGINE=InnoDB DEFAULT CHARSET=utf8mb4 COLLATE=utf8mb4_general_ci;

--
-- Volcado de datos para la tabla `habitacion`
--

INSERT INTO `habitacion` (`id_habitacion`, `id_hotel`, `numero`, `tipo`, `precio_noche`, `estado`) VALUES
(1, 1, '125', 'Deluxe', 2999, 'Disponible'),
(2, 3, '666', 'Estándar', 1200, 'Ocupada'),
(3, 2, '450', 'Suite', 3800, 'Ocupada'),
(4, 3, '234', 'Estándar', 1500, 'Disponible'),
(5, 2, '007', 'Estudio', 4600, 'Disponible');

-- --------------------------------------------------------

--
-- Estructura de tabla para la tabla `hotel`
--

CREATE TABLE `hotel` (
  `id_hotel` int(11) NOT NULL,
  `nombre` varchar(100) NOT NULL,
  `ciudad` varchar(50) NOT NULL,
  `telefono` varchar(15) NOT NULL
) ENGINE=InnoDB DEFAULT CHARSET=utf8mb4 COLLATE=utf8mb4_general_ci;

--
-- Volcado de datos para la tabla `hotel`
--

INSERT INTO `hotel` (`id_hotel`, `nombre`, `ciudad`, `telefono`) VALUES
(1, 'Las conchas del Humaya', 'Culiacán', '6678935643'),
(2, 'Hotel Emporio Acapulco', 'Acapullco', '7448660987'),
(3, 'Las arenas', 'Mazatlán', '6691234543');

-- --------------------------------------------------------

--
-- Estructura de tabla para la tabla `pago`
--

CREATE TABLE `pago` (
  `id_pago` int(11) NOT NULL,
  `id_reserva` int(11) NOT NULL,
  `fecha_pago` int(11) NOT NULL,
  `monto` double NOT NULL,
  `metodo` varchar(30) NOT NULL,
  `referencia` varchar(40) NOT NULL,
  `estado_pago` varchar(20) NOT NULL
) ENGINE=InnoDB DEFAULT CHARSET=utf8mb4 COLLATE=utf8mb4_general_ci;

-- --------------------------------------------------------

--
-- Estructura de tabla para la tabla `reserva`
--

CREATE TABLE `reserva` (
  `id_reserva` int(11) NOT NULL,
  `id_cliente` int(11) NOT NULL,
  `id_habitacion` int(11) NOT NULL,
  `fecha_entrada` date NOT NULL,
  `fecha_salida` date NOT NULL,
  `num_huespedes` int(11) NOT NULL,
  `estado_reserva` varchar(20) NOT NULL,
  `fecha_creacion` date NOT NULL
) ENGINE=InnoDB DEFAULT CHARSET=utf8mb4 COLLATE=utf8mb4_general_ci;

--
-- Volcado de datos para la tabla `reserva`
--

INSERT INTO `reserva` (`id_reserva`, `id_cliente`, `id_habitacion`, `fecha_entrada`, `fecha_salida`, `num_huespedes`, `estado_reserva`, `fecha_creacion`) VALUES
(1, 5, 4, '2026-02-18', '2026-02-28', 6, 'Vigente', '2026-02-10'),
(2, 3, 5, '2026-02-14', '2026-02-14', 1, 'Cancelada', '2026-02-09'),
(3, 1, 2, '2026-02-06', '2026-02-15', 4, 'Vigente', '2026-01-30'),
(4, 2, 3, '2026-04-03', '2026-04-07', 5, 'Pago pendiente', '2026-02-03'),
(5, 4, 1, '2025-10-08', '2025-10-11', 2, 'Vencida', '2025-09-06'),
(6, 5, 3, '2026-02-06', '2026-02-06', 7, 'Cancelada', '2025-11-04'),
(7, 2, 2, '2026-02-05', '2026-06-06', 3, 'Vigente', '2025-10-15'),
(8, 1, 1, '2026-02-14', '2026-02-15', 2, 'Vencida', '2026-02-12'),
(9, 4, 4, '2026-02-07', '2026-04-04', 1, 'Pago pendiente', '2026-02-03'),
(10, 5, 5, '2026-02-18', '2026-04-07', 6, 'Vigente', '2026-02-01');

-- --------------------------------------------------------

--
-- Estructura de tabla para la tabla `reserva_servicio`
--

CREATE TABLE `reserva_servicio` (
  `id_reserva` int(11) NOT NULL,
  `id_servicio` int(11) NOT NULL,
  `cantidad` int(11) NOT NULL,
  `precio_unitario` double NOT NULL
) ENGINE=InnoDB DEFAULT CHARSET=utf8mb4 COLLATE=utf8mb4_general_ci;

-- --------------------------------------------------------

--
-- Estructura de tabla para la tabla `servicio`
--

CREATE TABLE `servicio` (
  `id_servicio` int(11) NOT NULL,
  `nombre` varchar(70) NOT NULL,
  `precio_base` double NOT NULL
) ENGINE=InnoDB DEFAULT CHARSET=utf8mb4 COLLATE=utf8mb4_general_ci;

--
-- Índices para tablas volcadas
--

--
-- Indices de la tabla `atencion`
--
ALTER TABLE `atencion`
  ADD PRIMARY KEY (`id_atencion`),
  ADD KEY `id_reserva` (`id_reserva`),
  ADD KEY `id_empleado` (`id_empleado`);

--
-- Indices de la tabla `cliente`
--
ALTER TABLE `cliente`
  ADD PRIMARY KEY (`id_cliente`) USING BTREE,
  ADD UNIQUE KEY `email` (`email`);

--
-- Indices de la tabla `empleado`
--
ALTER TABLE `empleado`
  ADD PRIMARY KEY (`id_empleado`),
  ADD KEY `id_hotel` (`id_hotel`);

--
-- Indices de la tabla `habitacion`
--
ALTER TABLE `habitacion`
  ADD PRIMARY KEY (`id_habitacion`),
  ADD KEY `id_hotel` (`id_hotel`);

--
-- Indices de la tabla `hotel`
--
ALTER TABLE `hotel`
  ADD PRIMARY KEY (`id_hotel`);

--
-- Indices de la tabla `pago`
--
ALTER TABLE `pago`
  ADD PRIMARY KEY (`id_pago`),
  ADD KEY `id_reserva` (`id_reserva`),
  ADD KEY `fecha_pago` (`fecha_pago`);

--
-- Indices de la tabla `reserva`
--
ALTER TABLE `reserva`
  ADD PRIMARY KEY (`id_reserva`),
  ADD KEY `id_cliente` (`id_cliente`),
  ADD KEY `id_habitacion` (`id_habitacion`);

--
-- Indices de la tabla `reserva_servicio`
--
ALTER TABLE `reserva_servicio`
  ADD KEY `id_servicio` (`id_servicio`),
  ADD KEY `id_reserva` (`id_reserva`);

--
-- Indices de la tabla `servicio`
--
ALTER TABLE `servicio`
  ADD PRIMARY KEY (`id_servicio`);

--
-- AUTO_INCREMENT de las tablas volcadas
--

--
-- AUTO_INCREMENT de la tabla `atencion`
--
ALTER TABLE `atencion`
  MODIFY `id_atencion` int(11) NOT NULL AUTO_INCREMENT;

--
-- AUTO_INCREMENT de la tabla `cliente`
--
ALTER TABLE `cliente`
  MODIFY `id_cliente` int(11) NOT NULL AUTO_INCREMENT, AUTO_INCREMENT=6;

--
-- AUTO_INCREMENT de la tabla `empleado`
--
ALTER TABLE `empleado`
  MODIFY `id_empleado` int(11) NOT NULL AUTO_INCREMENT, AUTO_INCREMENT=8;

--
-- AUTO_INCREMENT de la tabla `habitacion`
--
ALTER TABLE `habitacion`
  MODIFY `id_habitacion` int(11) NOT NULL AUTO_INCREMENT, AUTO_INCREMENT=6;

--
-- AUTO_INCREMENT de la tabla `hotel`
--
ALTER TABLE `hotel`
  MODIFY `id_hotel` int(11) NOT NULL AUTO_INCREMENT, AUTO_INCREMENT=4;

--
-- AUTO_INCREMENT de la tabla `pago`
--
ALTER TABLE `pago`
  MODIFY `id_pago` int(11) NOT NULL AUTO_INCREMENT;

--
-- AUTO_INCREMENT de la tabla `reserva`
--
ALTER TABLE `reserva`
  MODIFY `id_reserva` int(11) NOT NULL AUTO_INCREMENT, AUTO_INCREMENT=11;

--
-- AUTO_INCREMENT de la tabla `servicio`
--
ALTER TABLE `servicio`
  MODIFY `id_servicio` int(11) NOT NULL AUTO_INCREMENT;

--
-- Restricciones para tablas volcadas
--

--
-- Filtros para la tabla `atencion`
--
ALTER TABLE `atencion`
  ADD CONSTRAINT `atencion_ibfk_1` FOREIGN KEY (`id_empleado`) REFERENCES `empleado` (`id_empleado`);

--
-- Filtros para la tabla `empleado`
--
ALTER TABLE `empleado`
  ADD CONSTRAINT `empleado_ibfk_1` FOREIGN KEY (`id_hotel`) REFERENCES `hotel` (`id_hotel`);

--
-- Filtros para la tabla `habitacion`
--
ALTER TABLE `habitacion`
  ADD CONSTRAINT `habitacion_ibfk_1` FOREIGN KEY (`id_hotel`) REFERENCES `hotel` (`id_hotel`);

--
-- Filtros para la tabla `pago`
--
ALTER TABLE `pago`
  ADD CONSTRAINT `pago_ibfk_1` FOREIGN KEY (`id_reserva`) REFERENCES `reserva` (`id_reserva`);

--
-- Filtros para la tabla `reserva`
--
ALTER TABLE `reserva`
  ADD CONSTRAINT `reserva_ibfk_1` FOREIGN KEY (`id_cliente`) REFERENCES `cliente` (`id_cliente`),
  ADD CONSTRAINT `reserva_ibfk_2` FOREIGN KEY (`id_habitacion`) REFERENCES `habitacion` (`id_habitacion`);

--
-- Filtros para la tabla `reserva_servicio`
--
ALTER TABLE `reserva_servicio`
  ADD CONSTRAINT `reserva_servicio_ibfk_1` FOREIGN KEY (`id_servicio`) REFERENCES `servicio` (`id_servicio`);
COMMIT;

/*!40101 SET CHARACTER_SET_CLIENT=@OLD_CHARACTER_SET_CLIENT */;
/*!40101 SET CHARACTER_SET_RESULTS=@OLD_CHARACTER_SET_RESULTS */;
/*!40101 SET COLLATION_CONNECTION=@OLD_COLLATION_CONNECTION */;
